<?xml version="1.0" encoding="UTF-8"?>
<project-private xmlns="http://www.netbeans.org/ns/project-private/1">
    <editor-bookmarks xmlns="http://www.netbeans.org/ns/editor-bookmarks/2" lastBookmarkId="0"/>
    <open-files xmlns="http://www.netbeans.org/ns/projectui-open-files/2">
        <group>
            <file>file:/C:/Users/msi/Documents/NetBeansProjects/Homework1.java/src/homework1/java/Stack.java</file>
            <file>file:/C:/Users/msi/Documents/NetBeansProjects/Homework1.java/src/homework1/java/Homework1Java.java</file>
            <file>file:/C:/Users/msi/Documents/NetBeansProjects/Homework1.java/src/homework1/java/Node.java</file>
            <file>file:/C:/Users/msi/Documents/NetBeansProjects/Homework1.java/src/homework1/java/Tree.java</file>
        </group>
    </open-files>
</project-private>
